	 {"LayName": "photo3_ani", "LayWidth": 0.335000, "LayHeight": 0.372917, "LayID": 1250, "ParentID": 0, "LayIn": 12.25, "LayDur": 1.67, "CompIn": 0.00, "CompDur": 1.67, "Normalization": true,
		"SourcePath": "C:/Data/Projects/2010103DProjects/P2_LandscapeSweet_1124/photo_03_b.jpg",
		"Version": "210158194",
			 	"Marker": { 
				 }, 
				 "AnchorPoint": { 
					"X": 0.50, "Y": 0.50, "Z": 0.00
					 }, 
				 "Position": { 
					"Type":[ 4.00 , 4.00 ],
					"Time":[ 0.10 , 0.47 ],
					"X":[ -0.12 , 0.63 ],
					"Y":[ 0.59 , 0.64 ],
					"Z":[ -348.96 , 65.00 ],
					"InTanX":[ -0.10 , -0.00 ],
					"InTanY":[ -0.00 , -0.01 ],
					"InTanZ":[ -0.27 , -86.88 ],
					"OutTanX":[ 0.27 , 0.00 ],
					"OutTanY":[ 0.01 , 0.00 ],
					"OutTanZ":[ 0.77 , 1.38 ]
				}
,				"Orientation": {
					"Type":[ 0.00 , 0.00 , 0.00 , 0.00 , 0.00 , 0.00 ],
					"Time":[ 0.10 , 0.47 , 0.70 , 0.97 , 1.23 , 1.50 ],
					"X":[ 0.00 , 0.00 , 0.00 , 0.00 , 0.00 , 0.00 ],
					"Y":[ 90.00 , 0.00 , 10.00 , 0.00 , 5.00 , 0.00 ],
					"Z":[ 10.00 , -5.00 , 355.00 , 355.00 , 355.00 , 355.00 ],
					"InTanX":[ 0.00 , 0.00 , 0.00 , 0.00 , 0.00 , 0.00 ],
					"InTanY":[ 0.00 , 0.00 , 0.00 , 0.00 , 0.00 , 0.00 ],
					"InTanZ":[ 0.00 , 0.00 , 0.00 , 0.00 , 0.00 , 0.00 ],
					"OutTanX":[ 0.00 , 0.00 , 0.00 , 0.00 , 0.00 , 0.00 ],
					"OutTanY":[ 0.00 , 0.00 , 0.00 , 0.00 , 0.00 , 0.00 ],
					"OutTanZ":[ 0.00 , 0.00 , 0.00 , 0.00 , 0.00 , 0.00 ]
				}
,				 "XRotation": { 
					"Val": 0.00
					 }, 
				 "YRotation": { 
					"Val": 0.00
					 }, 
				 "ZRotation": { 
					"Val": 0.00
					 }, 
				 "Opacity": { 
					"Val": 100.00
					 } 
	}
