	 {"LayName": "photo4_ani", "LayWidth": 0.335000, "LayHeight": 0.372917, "LayID": 355, "ParentID": 0, "LayIn": 12.38, "LayDur": 1.67, "CompIn": 0.00, "CompDur": 1.67, "Normalization": true,
		"SourcePath": "C:/Data/Projects/2010103DProjects/P2_LandscapeSweet_1124/photo_04_b.jpg",
		"Version": "210158194",
			 	"Marker": { 
				 }, 
				 "AnchorPoint": { 
					"X": 0.50, "Y": 0.50, "Z": 0.00
					 }, 
				 "Position": { 
					"Type":[ 4.00 , 4.00 ],
					"Time":[ 0.00 , 0.30 ],
					"X":[ 1.09 , 0.82 ],
					"Y":[ 0.42 , 0.41 ],
					"Z":[ -199.27 , 70.00 ],
					"InTanX":[ 0.06 , 0.00 ],
					"InTanY":[ -0.00 , -0.00 ],
					"InTanZ":[ -0.38 , -80.45 ],
					"OutTanX":[ -0.24 , -0.00 ],
					"OutTanY":[ 0.01 , 0.00 ],
					"OutTanZ":[ 1.61 , 1.63 ]
				}
,				"Orientation": {
					"Type":[ 0.00 , 0.00 , 0.00 , 0.00 , 0.00 , 0.00 ],
					"Time":[ 0.00 , 0.30 , 0.53 , 0.80 , 1.07 , 1.33 ],
					"X":[ 0.00 , 0.00 , 0.00 , 0.00 , 0.00 , 0.00 ],
					"Y":[ 270.00 , 360.00 , 10.00 , 0.00 , 5.00 , 0.00 ],
					"Z":[ 10.00 , 10.00 , 10.00 , 10.00 , 10.00 , 10.00 ],
					"InTanX":[ 0.00 , 0.00 , 0.00 , 0.00 , 0.00 , 0.00 ],
					"InTanY":[ 0.00 , 0.00 , 0.00 , 0.00 , 0.00 , 0.00 ],
					"InTanZ":[ 0.00 , 0.00 , 0.00 , 0.00 , 0.00 , 0.00 ],
					"OutTanX":[ 0.00 , 0.00 , 0.00 , 0.00 , 0.00 , 0.00 ],
					"OutTanY":[ 0.00 , 0.00 , 0.00 , 0.00 , 0.00 , 0.00 ],
					"OutTanZ":[ 0.00 , 0.00 , 0.00 , 0.00 , 0.00 , 0.00 ]
				}
,				 "XRotation": { 
					"Val": 0.00
					 }, 
				 "YRotation": { 
					"Val": 0.00
					 }, 
				 "ZRotation": { 
					"Val": 0.00
					 }, 
				 "Opacity": { 
					"Val": 100.00
					 } 
	}
