	 {"LayName": "slideshow_ani", "LayWidth": 1.000000, "LayHeight": 1.000000, "LayID": 512, "ParentID": 0, "LayIn": 12.28, "LayDur": 10.24, "CompIn": 0.00, "CompDur": 10.24, "Normalization": true,
		"SourcePath": "Z:/AE_Project/Landscape_Sweet_Slice_0407/photo_BG_01.jpg",
		"Version": "201359296",
			 	"Marker": { 
				 }, 
				 "AnchorPoint": { 
					"X": 0.50, "Y": 0.50, "Z": 0.00
					 }, 
				 "Position": { 
					"Type":[ 12.000000 , 12.000000 ],
					"Time":[ 1.234568 , 10.010010 ],
					"X":[ 0.500000 , 0.550000 ],
					"Y":[ 0.500000 , 0.458333 ],
					"Z":[ 100.000000 , 100.000000 ],
					"InTanX":[ 0.000000 , 0.000000 ],
					"InTanY":[ 0.000000 , 0.000000 ],
					"InTanZ":[ 0.000000 , 0.000000 ],
					"OutTanX":[ 0.000000 , 0.000000 ],
					"OutTanY":[ 0.000000 , 0.000000 ],
					"OutTanZ":[ 0.000000 , 0.000000 ]
				}
,				 "Scale": { 
					"Type":[ 0.00 , 0.00 ],
					"Time":[ 1.23 , 10.01 ],
					"X":[ 130.00 , 150.00 ],
					"Y":[ 130.00 , 150.00 ],
					"Z":[ 110.00 , 110.00 ],
					"InTanX":[ 0.00 , 0.00 ],
					"InTanY":[ 0.00 , 0.00 ],
					"InTanZ":[ 0.00 , 0.00 ],
					"OutTanX":[ 0.00 , 0.00 ],
					"OutTanY":[ 0.00 , 0.00 ],
					"OutTanZ":[ 0.00 , 0.00 ]
				}
	}
