	{"LayName": "Top_photo", "LayWidth": 0.312500, "LayHeight": 0.354167, "LayID": 887, "ParentID": 0, "LayIn": -0.13, "LayDur": 3.77, "CompIn": 0.00, "CompDur": 3.77, "Normalization": true,
		"SourcePath": "C:/Data/Projects/2010103DProjects/P2_LandscapeSweet_1124/MainMenu_photo1.png",
		"Version": "210158194",
				"Marker": {
				},
				"AnchorPoint": {
					"X": 0.50, "Y": 0.50, "Z": 0.00
					},
				"Position": {
					"Type":[ 12.00 , 12.00 ],
					"Time":[ 0.13 , 1.03 ],
					"X":[ 0.50 , 0.50 ],
					"Y":[ 0.91 , 0.54 ],
					"Z":[ 0.00 , 0.00 ],
					"InTanX":[ 0.00 , 0.00 ],
					"InTanY":[ 0.00 , 0.00 ],
					"InTanZ":[ 0.00 , 0.00 ],
					"OutTanX":[ 0.00 , 0.00 ],
					"OutTanY":[ 0.00 , 0.00 ],
					"OutTanZ":[ 0.00 , 0.00 ]
				}
,				"Orientation": {
					"Type":[ 0.00 , 0.00 , 0.00 , 0.00 , 0.00 , 0.00 ],
					"Time":[ 0.13 , 1.03 , 1.67 , 2.27 , 2.90 , 3.54 ],
					"X":[ 0.00 , 0.00 , 0.00 , 0.00 , 0.00 , 0.00 ],
					"Y":[ 350.00 , 370.00 , -20.00 , 360.00 , -10.00 , 360.00 ],
					"Z":[ 0.00 , 0.00 , 0.00 , 0.00 , 0.00 , 0.00 ],
					"InTanX":[ 0.00 , 0.00 , 0.00 , 0.00 , 0.00 , 0.00 ],
					"InTanY":[ 0.00 , 0.00 , 0.00 , 0.00 , 0.00 , 0.00 ],
					"InTanZ":[ 0.00 , 0.00 , 0.00 , 0.00 , 0.00 , 0.00 ],
					"OutTanX":[ 0.00 , 0.00 , 0.00 , 0.00 , 0.00 , 0.00 ],
					"OutTanY":[ 0.00 , 0.00 , 0.00 , 0.00 , 0.00 , 0.00 ],
					"OutTanZ":[ 0.00 , 0.00 , 0.00 , 0.00 , 0.00 , 0.00 ]
				}
,				"XRotation": {
					"Val": 0.00
					},
				"YRotation": {
					"Val": 0.00
					},
				"ZRotation": {
					"Val": 0.00
					},
				"Opacity": {
					"Val": 100.00
					}
	}
