	{"LayName": "Top_weather", "LayWidth": 0.312500, "LayHeight": 0.354167, "LayID": 885, "ParentID": 0, "LayIn": 0.00, "LayDur": 3.77, "CompIn": 0.00, "CompDur": 3.77, "Normalization": true,
		"SourcePath": "C:/Data/Projects/2010103DProjects/P2_LandscapeSweet_1124/MainMenu_weather1.png",
		"Version": "210158194",
				"Marker": {
				 },
				"AnchorPoint": {
					"X": 0.50, "Y": 0.50, "Z": 0.00
					 },
				 "Position": {
					"Type":[ 4.00 , 4.00 ],
					"Time":[ 0.00 , 0.90 ],
					"X":[ 0.20 , 0.20 ],
					"Y":[ 0.91 , 0.54 ],
					"Z":[ -59.40 , -59.45 ],
					"InTanX":[ 0.00 , 0.00 ],
					"InTanY":[ 0.06 , 0.03 ],
					"InTanZ":[ 0.01 , 0.12 ],
					"OutTanX":[ -0.00 , -0.00 ],
					"OutTanY":[ -0.06 , -0.00 ],
					"OutTanZ":[ -0.01 , -0.01 ]
				}
,				"Orientation": {
					"Type":[ 0.00 , 0.00 , 0.00 , 0.00 , 0.00 , 0.00 ],
					"Time":[ 0.00 , 0.90 , 1.47 , 2.07 , 2.64 , 3.24 ],
					"X":[ 0.00 , 0.00 , 0.00 , 0.00 , 0.00 , 0.00 ],
					"Y":[ 330.00 , 320.00 , 340.00 , 325.00 , 330.00 , 325.00 ],
					"Z":[ 0.00 , 0.00 , 0.00 , 0.00 , 0.00 , 0.00 ],
					"InTanX":[ 0.00 , 0.00 , 0.00 , 0.00 , 0.00 , 0.00 ],
					"InTanY":[ 0.00 , 0.00 , 0.00 , 0.00 , 0.00 , 0.00 ],
					"InTanZ":[ 0.00 , 0.00 , 0.00 , 0.00 , 0.00 , 0.00 ],
					"OutTanX":[ 0.00 , 0.00 , 0.00 , 0.00 , 0.00 , 0.00 ],
					"OutTanY":[ 0.00 , 0.00 , 0.00 , 0.00 , 0.00 , 0.00 ],
					"OutTanZ":[ 0.00 , 0.00 , 0.00 , 0.00 , 0.00 , 0.00 ]
				}
,				"XRotation": {
					"Val": 0.00
					 },
				"YRotation": {
					"Val": 0.00
					 },
				"ZRotation": {
					"Val": 0.00
					 },
				"Opacity": {
					"Val": 100.00
					 }
	}
