	 {"LayName": "video1_ani", "LayWidth": 0.311250, "LayHeight": 0.475000, "LayID": 1388, "ParentID": 0, "LayIn": 11.81, "LayDur": 1.67, "CompIn": 0.00, "CompDur": 1.67, "Normalization": true,
		"SourcePath": "C:/Data/Projects/2010103DProjects/P2_LandscapeSweet_1124/icon_video_frame_temp.png",
		"Version": "210158194",
			 	"Marker": { 
				 }, 
				 "AnchorPoint": { 
					"X": 0.50, "Y": 0.50, "Z": 0.00
					 }, 
				 "Position": { 
					"Type":[ 4.00 , 4.00 ],
					"Time":[ 0.37 , 0.67 ],
					"X":[ -0.19 , 0.19 ],
					"Y":[ 0.69 , 0.61 ],
					"Z":[ -649.82 , 55.00 ],
					"InTanX":[ -0.18 , -0.09 ],
					"InTanY":[ 0.04 , 0.04 ],
					"InTanZ":[ -1.74 , -2.00 ],
					"OutTanX":[ 0.29 , 0.01 ],
					"OutTanY":[ -0.06 , -0.00 ],
					"OutTanZ":[ 2.78 , 0.22 ]
				}
,				 "Scale": { 
					"X": 100.00, "Y": 100.00, "Z": 100.00
					 }, 
				 "Orientation": { 
					"Type":[ 0.00 , 0.00 , 0.00 , 0.00 , 0.00 , 0.00 ],
					"Time":[ 0.37 , 0.67 , 0.90 , 1.17 , 1.43 , 1.67 ],
					"X":[ 0.00 , 0.00 , 0.00 , 0.00 , 0.00 , 0.00 ],
					"Y":[ 90.00 , 0.00 , 10.00 , 0.00 , 5.00 , 0.00 ],
					"Z":[ 10.00 , 10.00 , 10.00 , 10.00 , 10.00 , 10.00 ],
					"InTanX":[ 0.00 , 0.00 , 0.00 , 0.00 , 0.00 , 0.00 ],
					"InTanY":[ 0.00 , 0.00 , 0.00 , 0.00 , 0.00 , 0.00 ],
					"InTanZ":[ 0.00 , 0.00 , 0.00 , 0.00 , 0.00 , 0.00 ],
					"OutTanX":[ 0.00 , 0.00 , 0.00 , 0.00 , 0.00 , 0.00 ],
					"OutTanY":[ 0.00 , 0.00 , 0.00 , 0.00 , 0.00 , 0.00 ],
					"OutTanZ":[ 0.00 , 0.00 , 0.00 , 0.00 , 0.00 , 0.00 ]
				}
,				 "XRotation": { 
					"Val": 0.00
					 }, 
				 "YRotation": { 
					"Val": 0.00
					 }, 
				 "ZRotation": { 
					"Val": 0.00
					 }, 
				 "Opacity": { 
					"Val": 100.00
					 } 
	}
