	 {"LayName": "video2_ani", "LayWidth": 0.311250, "LayHeight": 0.475000, "LayID": 1403, "ParentID": 0, "LayIn": 11.71, "LayDur": 1.67, "CompIn": 0.00, "CompDur": 1.67, "Normalization": true,
		"SourcePath": "C:/Data/Projects/2010103DProjects/P2_LandscapeSweet_1124/icon_video_frame_temp.png",
		"Version": "210158194",
			 	"Marker": { 
				 }, 
				 "AnchorPoint": { 
					"X": 0.50, "Y": 0.50, "Z": 0.00
					 }, 
				 "Position": { 
					"Type":[ 4.00 , 4.00 ],
					"Time":[ 0.20 , 0.57 ],
					"X":[ 1.16 , 0.40 ],
					"Y":[ 0.29 , 0.38 ],
					"Z":[ -463.20 , 60.00 ],
					"InTanX":[ 0.15 , -0.01 ],
					"InTanY":[ 0.00 , 0.01 ],
					"InTanZ":[ -4.38 , -185.71 ],
					"OutTanX":[ -0.59 , 0.00 ],
					"OutTanY":[ -0.02 , -0.00 ],
					"OutTanZ":[ 17.84 , 0.99 ]
				}
,				 "Scale": { 
					"X": 100.00, "Y": 100.00, "Z": 100.00
					 }, 
				 "Orientation": { 
					"Type":[ 0.00 , 0.00 , 0.00 , 0.00 , 0.00 , 0.00 ],
					"Time":[ 0.20 , 0.57 , 0.80 , 1.07 , 1.33 , 1.60 ],
					"X":[ 0.00 , 0.00 , 0.00 , 0.00 , 0.00 , 0.00 ],
					"Y":[ 270.00 , 360.00 , 10.00 , 0.00 , 5.00 , 0.00 ],
					"Z":[ 10.00 , -10.00 , 350.00 , 350.00 , 350.00 , 350.00 ],
					"InTanX":[ 0.00 , 0.00 , 0.00 , 0.00 , 0.00 , 0.00 ],
					"InTanY":[ 0.00 , 0.00 , 0.00 , 0.00 , 0.00 , 0.00 ],
					"InTanZ":[ 0.00 , 0.00 , 0.00 , 0.00 , 0.00 , 0.00 ],
					"OutTanX":[ 0.00 , 0.00 , 0.00 , 0.00 , 0.00 , 0.00 ],
					"OutTanY":[ 0.00 , 0.00 , 0.00 , 0.00 , 0.00 , 0.00 ],
					"OutTanZ":[ 0.00 , 0.00 , 0.00 , 0.00 , 0.00 , 0.00 ]
				}
,				 "XRotation": { 
					"Val": 0.00
					 }, 
				 "YRotation": { 
					"Val": 0.00
					 }, 
				 "ZRotation": { 
					"Val": 0.00
					 }, 
				 "Opacity": { 
					"Val": 100.00
					 } 
	}
