	 {"LayName": "weather_ani", "LayWidth": 0.271250, "LayHeight": 0.452083, "LayID": 838, "ParentID": 0, "LayIn": 0.23, "LayDur": 5.94, "CompIn": 0.00, "CompDur": 5.94, "Normalization": true,
		"SourcePath": "C:/Data/Projects/2010103DProjects/P2_LandscapeSweet_1124/icon_sun.png",
		"Version": "210158194",
			 	"Marker": { 
				 }, 
				 "AnchorPoint": { 
					"X": 0.00, "Y": 0.00, "Z": 0.00
					 }, 
				 "Position": { 
					"Type":[ 4.00 , 6.00 , 4.00 , 4.00 , 4.00 , 4.00 ],
					"Time":[ 0.00 , 0.47 , 0.60 , 0.73 , 0.87 , 1.00 ],
					"X":[ 0.00 , 0.00 , 0.00 , 0.00 , 0.00 , 0.00 ],
					"Y":[ 1.52 , 0.03 , 0.06 , 0.04 , 0.05 , 0.04 ],
					"Z":[ 640.00 , 58.04 , 182.60 , 100.00 , 142.29 , 100.00 ],
					"InTanX":[ 0.04 , 0.00 , -0.00 , -0.00 , -0.00 , -0.00 ],
					"InTanY":[ 0.23 , 0.00 , -0.00 , -0.00 , -0.00 , 0.00 ],
					"InTanZ":[ -95.79 , 0.00 , -0.00 , -0.00 , -0.00 , -0.00 ],
					"OutTanX":[ -0.07 , 0.00 , 0.00 , 0.00 , 0.00 , 0.00 ],
					"OutTanY":[ -0.41 , 0.00 , 0.00 , 0.00 , 0.00 , -0.00 ],
					"OutTanZ":[ 170.00 , 0.00 , 0.00 , 0.00 , 0.00 , 0.00 ]
				}
,				 "Scale": { 
					"X": 100.00, "Y": 100.00, "Z": 100.00
					 }, 
				 "Orientation": { 
					"Type":[ 0.00 , 0.00 , 0.00 , 0.00 , 0.00 , 0.00 ],
					"Time":[ 0.00 , 0.47 , 0.60 , 0.73 , 0.87 , 1.00 ],
					"X":[ 240.00 , 365.00 , -10.00 , 360.00 , -5.00 , 360.00 ],
					"Y":[ 0.00 , 0.00 , 0.00 , 0.00 , 0.00 , 0.00 ],
					"Z":[ 0.00 , 0.00 , 0.00 , 0.00 , 0.00 , 0.00 ],
					"InTanX":[ 0.00 , 0.00 , 0.00 , 0.00 , 0.00 , 0.00 ],
					"InTanY":[ 0.00 , 0.00 , 0.00 , 0.00 , 0.00 , 0.00 ],
					"InTanZ":[ 0.00 , 0.00 , 0.00 , 0.00 , 0.00 , 0.00 ],
					"OutTanX":[ 0.00 , 0.00 , 0.00 , 0.00 , 0.00 , 0.00 ],
					"OutTanY":[ 0.00 , 0.00 , 0.00 , 0.00 , 0.00 , 0.00 ],
					"OutTanZ":[ 0.00 , 0.00 , 0.00 , 0.00 , 0.00 , 0.00 ]
				}
,				 "XRotation": { 
					"Val": 0.00
					 }, 
				 "YRotation": { 
					"Val": 0.00
					 }, 
				 "ZRotation": { 
					"Val": 0.00
					 }, 
				 "Opacity": { 
					"Val": 100.00
					 } 
	}
