	 {"LayName": "timepanel_ani", "LayWidth": 0.897500, "LayHeight": 0.437500, "LayID": 845, "ParentID": 0, "LayIn": 0.23, "LayDur": 5.94, "CompIn": 0.00, "CompDur": 5.94, "Normalization": true,
		"SourcePath": "C:/Data/Projects/2010103DProjects/P2_LandscapeSweet_1124/time_panel_2.png",
		"Version": "210158194",
			 	"Marker": { 
				 }, 
				 "AnchorPoint": { 
					"X": 0.00, "Y": 0.00, "Z": 0.00
					 }, 
				 "Position": { 
					"Type":[ 4.00 , 4.00 , 4.00 , 4.00 , 4.00 , 4.00 ],
					"Time":[ 0.00 , 0.47 , 0.60 , 0.73 , 0.87 , 1.00 ],
					"X":[ 0.07 , 0.07 , 0.07 , 0.07 , 0.07 , 0.07 ],
					"Y":[ 1.08 , 0.10 , 0.13 , 0.10 , 0.13 , 0.11 ],
					"Z":[ -616.10 , 283.95 , 160.13 , 241.68 , 160.74 , 200.00 ],
					"InTanX":[ -0.00 , 0.00 , -0.00 , -0.00 , -0.00 , -0.00 ],
					"InTanY":[ 0.27 , -0.16 , 0.00 , -0.00 , -0.00 , -0.00 ],
					"InTanZ":[ -25.87 , -244.27 , -0.00 , -0.00 , -0.00 , -0.00 ],
					"OutTanX":[ 0.00 , -0.00 , 0.00 , 0.00 , 0.00 , 0.00 ],
					"OutTanY":[ -0.95 , 0.00 , -0.00 , 0.00 , 0.00 , 0.00 ],
					"OutTanZ":[ 89.95 , 1.49 , 0.00 , 0.00 , 0.00 , 0.00 ]
				}
,				 "Scale": { 
					"X": 100.00, "Y": 100.00, "Z": 100.00
					 }, 
				 "Orientation": { 
					"Type":[ 0.00 , 0.00 , 0.00 , 0.00 , 0.00 , 0.00 ],
					"Time":[ 0.00 , 0.47 , 0.60 , 0.73 , 0.87 , 1.00 ],
					"X":[ 90.00 , -10.00 , 365.00 , -5.00 , 365.00 , 0.00 ],
					"Y":[ 0.00 , 0.00 , 0.00 , 0.00 , 0.00 , 0.00 ],
					"Z":[ 0.00 , 0.00 , 0.00 , 0.00 , 0.00 , 0.00 ],
					"InTanX":[ 0.00 , 0.00 , 0.00 , 0.00 , 0.00 , 0.00 ],
					"InTanY":[ 0.00 , 0.00 , 0.00 , 0.00 , 0.00 , 0.00 ],
					"InTanZ":[ 0.00 , 0.00 , 0.00 , 0.00 , 0.00 , 0.00 ],
					"OutTanX":[ 0.00 , 0.00 , 0.00 , 0.00 , 0.00 , 0.00 ],
					"OutTanY":[ 0.00 , 0.00 , 0.00 , 0.00 , 0.00 , 0.00 ],
					"OutTanZ":[ 0.00 , 0.00 , 0.00 , 0.00 , 0.00 , 0.00 ]
				}
,				 "XRotation": { 
					"Val": 0.00
					 }, 
				 "YRotation": { 
					"Val": 0.00
					 }, 
				 "ZRotation": { 
					"Val": 0.00
					 }, 
				 "Opacity": { 
					"Val": 100.00
					 } 
	}
