	 {"LayName": "weather_ani", "LayWidth": 0.271250, "LayHeight": 0.452083, "LayID": 846, "ParentID": 0, "LayIn": 0.23, "LayDur": 5.94, "CompIn": 0.00, "CompDur": 5.94, "Normalization": true,
		"SourcePath": "C:/Data/Projects/2010103DProjects/P2_LandscapeSweet_1124/icon_sun.png",
		"Version": "210158194",
			 	"Marker": { 
				 }, 
				 "AnchorPoint": { 
					"X": 0.00, "Y": 0.00, "Z": 0.00
					 }, 
				 "Position": { 
					"Type":[ 4.00 , 6.00 , 4.00 , 4.00 , 4.00 , 4.00 ],
					"Time":[ 0.20 , 0.67 , 0.80 , 0.93 , 1.07 , 1.20 ],
					"X":[ 0.00 , 0.00 , 0.00 , 0.00 , 0.00 , 0.00 ],
					"Y":[ 1.04 , 0.01 , 0.06 , 0.02 , 0.06 , 0.04 ],
					"Z":[ -940.50 , 183.88 , 58.02 , 142.43 , 59.37 , 100.00 ],
					"InTanX":[ -0.00 , 0.00 , -0.00 , -0.00 , -0.00 , -0.00 ],
					"InTanY":[ 0.31 , 0.00 , -0.00 , -0.00 , -0.00 , 0.00 ],
					"InTanZ":[ -8.65 , 0.00 , -0.00 , -0.00 , -0.00 , -0.00 ],
					"OutTanX":[ 0.00 , 0.00 , 0.00 , 0.00 , 0.00 , 0.00 ],
					"OutTanY":[ -0.93 , 0.00 , 0.00 , 0.00 , 0.00 , -0.00 ],
					"OutTanZ":[ 26.00 , 0.00 , 0.00 , 0.00 , 0.00 , 0.00 ]
				}
,				 "Scale": { 
					"X": 100.00, "Y": 100.00, "Z": 100.00
					 }, 
				 "Orientation": { 
					"Type":[ 0.00 , 0.00 , 0.00 , 0.00 , 0.00 , 0.00 ],
					"Time":[ 0.20 , 0.67 , 0.80 , 0.93 , 1.07 , 1.20 ],
					"X":[ 90.00 , -5.00 , 365.00 , -5.00 , 365.00 , 0.00 ],
					"Y":[ 0.00 , 0.00 , 0.00 , 0.00 , 0.00 , 0.00 ],
					"Z":[ 0.00 , 0.00 , 0.00 , 0.00 , 0.00 , 0.00 ],
					"InTanX":[ 0.00 , 0.00 , 0.00 , 0.00 , 0.00 , 0.00 ],
					"InTanY":[ 0.00 , 0.00 , 0.00 , 0.00 , 0.00 , 0.00 ],
					"InTanZ":[ 0.00 , 0.00 , 0.00 , 0.00 , 0.00 , 0.00 ],
					"OutTanX":[ 0.00 , 0.00 , 0.00 , 0.00 , 0.00 , 0.00 ],
					"OutTanY":[ 0.00 , 0.00 , 0.00 , 0.00 , 0.00 , 0.00 ],
					"OutTanZ":[ 0.00 , 0.00 , 0.00 , 0.00 , 0.00 , 0.00 ]
				}
,				 "XRotation": { 
					"Val": 0.00
					 }, 
				 "YRotation": { 
					"Val": 0.00
					 }, 
				 "ZRotation": { 
					"Val": 0.00
					 }, 
				 "Opacity": { 
					"Val": 100.00
					 } 
	}
