	 {"LayName": "timepanel_ani", "LayWidth": 0.897500, "LayHeight": 0.437500, "LayID": 847, "ParentID": 0, "LayIn": 0.20, "LayDur": 5.94, "CompIn": 0.00, "CompDur": 5.94, "Normalization": true,
		"SourcePath": "C:/Data/Projects/2010103DProjects/P2_LandscapeSweet_1124/time_panel_2.png",
		"Version": "210158194",
			 	"Marker": { 
				 }, 
				 "AnchorPoint": { 
					"X": 0.00, "Y": 0.00, "Z": 0.00
					 }, 
				 "Position": { 
					"Type":[ 4.00 , 4.00 , 4.00 , 4.00 , 4.00 , 4.00 ],
					"Time":[ 0.17 , 0.67 , 0.80 , 0.93 , 1.07 , 1.20 ],
					"X":[ 0.07 , 0.07 , 0.07 , 0.07 , 0.07 , 0.07 ],
					"Y":[ 1.51 , 0.11 , 0.13 , 0.12 , 0.12 , 0.11 ],
					"Z":[ 644.31 , 159.97 , 280.75 , 200.00 , 240.73 , 200.00 ],
					"InTanX":[ -0.00 , 0.00 , -0.00 , -0.00 , -0.00 , -0.00 ],
					"InTanY":[ 0.24 , 0.02 , 0.00 , -0.00 , -0.00 , -0.00 ],
					"InTanZ":[ -68.37 , 286.73 , -0.00 , -0.00 , -0.00 , -0.00 ],
					"OutTanX":[ 0.00 , -0.00 , 0.00 , 0.00 , 0.00 , 0.00 ],
					"OutTanY":[ -0.72 , -0.00 , -0.00 , 0.00 , 0.00 , 0.00 ],
					"OutTanZ":[ 205.95 , -1.57 , 0.00 , 0.00 , 0.00 , 0.00 ]
				}
,				 "Scale": { 
					"X": 100.00, "Y": 100.00, "Z": 100.00
					 }, 
				 "Orientation": { 
					"Type":[ 0.00 , 0.00 , 0.00 , 0.00 , 0.00 , 0.00 ],
					"Time":[ 0.17 , 0.67 , 0.80 , 0.93 , 1.07 , 1.20 ],
					"X":[ 245.00 , 365.00 , -10.00 , 360.00 , -5.00 , 360.00 ],
					"Y":[ 0.00 , 0.00 , 0.00 , 0.00 , 0.00 , 0.00 ],
					"Z":[ 0.00 , 0.00 , 0.00 , 0.00 , 0.00 , 0.00 ],
					"InTanX":[ 0.00 , 0.00 , 0.00 , 0.00 , 0.00 , 0.00 ],
					"InTanY":[ 0.00 , 0.00 , 0.00 , 0.00 , 0.00 , 0.00 ],
					"InTanZ":[ 0.00 , 0.00 , 0.00 , 0.00 , 0.00 , 0.00 ],
					"OutTanX":[ 0.00 , 0.00 , 0.00 , 0.00 , 0.00 , 0.00 ],
					"OutTanY":[ 0.00 , 0.00 , 0.00 , 0.00 , 0.00 , 0.00 ],
					"OutTanZ":[ 0.00 , 0.00 , 0.00 , 0.00 , 0.00 , 0.00 ]
				}
,				 "XRotation": { 
					"Val": 0.00
					 }, 
				 "YRotation": { 
					"Val": 0.00
					 }, 
				 "ZRotation": { 
					"Val": 0.00
					 }, 
				 "Opacity": { 
					"Val": 100.00
					 } 
	}
